Descripcion,Categoria,Usuario,Password,Notas
Aguas Cordobesas,Casa,federicodiaz@gmail.com,Mariana1407,
Afip Federico,Impuestos,20234589181,3010$$Catalina,
Afip Mariana,Impuestos,27233791208,3010#Catalina,
Afip Nora Comelli,Impuestos,27050086513,Mariana1407,
Afip Freddy Diaz,Impuestos,20079988759,Catalina3010,
AirTm,Banca,federicodiaz@gmail.com,MarianaS1407!,
Anses,Gobierno,Federico,Mariana1427,
Area Ticket,Entretenimiento,federicodiaz@gmail.com,Mariana1407,
Apple,Tecnologia,federicodiaz@gmail.com,Mariana3010,
Apple,Tecnologia,suarezmariana27@gmail.com,Cata3010,
AWS,Tecnologia,Federico.diaz@gmail.com,22271330!Mari@#@., 
Bancon,Banca,catalinaluciana,Cata$$3010!,
Bancon,Banca,federicorauldiaz,Cata$$3010!,
Bancor Debito Federico,Banca,Federico,3010,
Bancor Debito Mariana,Banca,Mariana,3010 (DOS),
Bancor Club,Banca,suarezmariana27@gmail.com,Cata3010,
Bank of America,Banca,federicorauldiaz,3010Cata@,
Bank of America Debito,Banca,federicorauldiaz,1407,
BullMarket,Inversiones,federicodiaz@gmail.com,MarianaS1407!!@#,
Catalina Celular,Casa,Catalina,6319441,
Chevrolet,Vehiculos,23379120,Mariana1407,
Mi Chevrolet,Vehiculos,suarezmariana27@gmail.com,Mariana1407!,
Cidi Federico,Gobierno,20234589181,Mariana1407,PIN 3197
Cidi Mariana,Gobierno,27233791208,Federico3010,PIN 7251
Cidi Catalina,Gobierno,27498638037,Princesamishu1,
Cidi Nicolas,Gobierno,20460327505,Papaesgenial1,PIN 8658
Cidi Francisco,Gobierno,20428540000,Papaesgenial1,
Claro,Comunicaciones,1303468415,3010,
Claro (Mi Claro),Comunicaciones,federicodiaz,Mariana1407,
Disney World,Entretenimiento,federicodiaz@gmail.com,Mariana1427,
Disney+,Entretenimiento,federicodiaz@gmail.com,RobasYMoris3,
Ecogas,Casa,21298473,mariana1407$,
EPEC Pilay,General,suarezmariana27@gmail.com,Federico2706,
EZVIZ (Camaras),Casa,federicodiaz@gmail.com,Mariana1427,FRDMAS
EZVIZ Camara Frente,Casa,E30699729,Mariana1407,IRAQMJ 
Facebook Mariana,Red Social,suarezmariana27@hotmail.com,Catalina1407.,
Facebook Federico,Red Social,federicodiaz@gmail.com,M@ri@na1427,
GitHub,Tecnologia,fdiaz2000@hotmail.com,Mariana1427!@@#,mariana
Galicia FRD,Banca,Mariana2706!!@#,2710,
Galicia MAS,Banca,Catalina3010!,3010,
Gmail Federico,Correo Electronico,federicodiaz@gmail.com,Mariana1427,
Gmail Federico Orlando,Correo Electronico,federico.diaz.orlando@gmail.com,Mariana1427,
Gmail Toptal,Correo Electronico,federico.diaz@toptal.com,fJnCm2227133027!@#,
Gmail Mariana,Correo Electronico,suarezmariana27@gmail.com,Luciana3010!,
Gol 432708721,Aerolineas,federicodiaz@gmail,Mariana1407!!@#,
Hotmail Federico,Correo Electronico,fdiaz2000@hotmail.com,Mariana3010@,
Hotmail Federico Gmail,Correo electronico,federicodiaz@gmail.com,Mariana3010@,Recovery Code: PL4QV-WNUU3-U9SFJ-LN8C6-MSZ78
Hotmail Mariana,Correo electronico,suarezmariana27@hotmail.com,Mariana1407,
Hotmail Catalina,Correo electronico,catalinadiaz301009@hotmail.com,PrincesaMishu123,
ICBC Home & Mobile FRD,Banca,fdiaz147,2710M@ri,
ICBC Token,Banca,23458918,270673,
ICBC Hola,Banca,23458918,2710,
IMC,Salud,23458918,140773,
LinkedIn,Red Social,federicodiaz@gmail.com,Mariana1407!,
Mercado Pago,Banca,federicodiaz@gmail.com,FraJoaNicCat1407,
Mi Argentina Federico,Gobierno,20234589181,mariana1407,
Mi Argentina Mariana,Gobierno,27233791208,Fede2706,
Mi Argentina Nicolas,Gobierno,20460327505,papaesgenial,
Municipalidad Cordoba,Impuestos,federicodiaz,Mariana1407,
Netflix,Casa,federicodiaz@gmail.com,MarXSu1407!!@#,3010
Oracle,Tecnologia,federicodiaz@gmail.com,Mariana1407,
Origenes,Banca,federicodiaz,Mariana2710!,
Payoneer,Banca,federicodiaz@gmail.com,FraJoaNicCat1407!!@#,Recovery Code: W9RK2L7Q
Paypal,Banca,federico.diaz.orlando@gmail.com,Mariana1407!!@#,
PowerBI,Tecnologia,federicodiaz@federicodiazsolutions.onmicrosoft.com,MarianaS1407!!@#,
Prex Argentina,Banca,federicodiaz@gmail.com,Mariana1407!,
Rivadavia Seguros,Casa,20234589181,Maariana1,
Shell Box,General,federicodiaz@gmail.com,Mariana1427!,
Skype,Red Social,federico.raul.diaz.2000,Mariana3010,
Tailscale Casa,Casa,federicodiaz@gmail.com,,Login con Google
Tarjeta Naranja X,Banca,federicodiaz@gmail.com,140773,
Tarjeta Naranja X,Banca,suarezmariana27@gmail.com,Cata2706!,
Telecom Personal,Comunicaciones,federicodiaz@gmail.com,3010Cata,
Toptal,Trabajo,federicodiaz@gmail.com,Mariana1407!@##,
Tp-Link ID,Casa,federicodiaz@gmail.com,FraJoaNicCat1407,
Universal Studios LA,Entretenimiento,federicodiaz@gmail.com,MarianaS1407!!@#,
Visa Companion,Entretenimiento,federicodiaz@gmail.com,Mariana1427!,
Visa Socios FRD,Banca,Mariana1973,2702Nico,
Visa Socios MAS,Banca,Mariana1973,1407Catalina!,
Valle Cercano,Inversiones,suarezmariana27@gmail.com,Mariana1407,
Valle Cercano On-Line,Inversiones,suarezmariana27@gmail.com,dFeT04,
Zurich,Vehiculos,federicodiaz@gmail.com,Mariana1407,
Fibertel Router,Casa,,6ucr647vbr,
TP link TL-WR940N,Casa,admin,admin,Solo desde mi pc
MESH_FRD_MAS,Casa,,MaCaFrJoNiFeLuDaAg1407!,
Home Assistant,Casa,federico,Mariana1407,
NAS DXP2800-AA2E,Casa,federico,FraJoaNicCat1407,https://ug.link/dxp2800-aa2e